{"loss": [2.190805673599243, 0.6884505748748779, 0.19590649008750916, 0.05621558800339699, 0.021237226203083992, 0.012155044823884964, 0.008986493572592735, 0.007245504297316074, 0.006826278753578663, 0.01510585192590952, 0.014149285852909088, 0.006023302674293518, 0.0037924423813819885, 0.0032007175032049417, 0.0028411748353391886, 0.002574472688138485, 0.0023781207855790854, 0.0021880376152694225, 0.0020394311286509037, 0.001995260361582041], "accuracy": [0.4505000114440918, 0.815833330154419, 0.9621666669845581, 0.9955833554267883, 0.9993333220481873, 1.0, 1.0, 1.0, 0.999916672706604, 0.9987499713897705, 0.9986666440963745, 0.999833345413208, 0.999916672706604, 1.0, 1.0, 1.0, 1.0, 1.0, 1.0, 1.0], "val_loss": [3.1571171283721924, 1.098982334136963, 0.9768914580345154, 0.9362301826477051, 0.9152104258537292, 0.9285686016082764, 0.9411609172821045, 0.9512445330619812, 0.9852330088615417, 0.9868526458740234, 1.0034050941467285, 0.9859680533409119, 0.9911398887634277, 0.9970900416374207, 0.9997862577438354, 1.010270595550537, 1.0134354829788208, 1.01691734790802, 1.024670124053955, 1.0238252878189087], "val_accuracy": [0.2430037260055542, 0.6855177283287048, 0.712103545665741, 0.7333255410194397, 0.7397388219833374, 0.7413712739944458, 0.7406716346740723, 0.7400886416435242, 0.7336753606796265, 0.7365905046463013, 0.7342584133148193, 0.7412546873092651, 0.7404384613037109, 0.7407882213592529, 0.7405550479888916, 0.7386893630027771, 0.7405550479888916, 0.7393890023231506, 0.7393890023231506, 0.7390391826629639]}