{"loss": [2.186269998550415, 0.6816191673278809, 0.23287725448608398, 0.06806978583335876, 0.0249102171510458, 0.016918569803237915, 0.016074951738119125, 0.01566833257675171, 0.011189301498234272, 0.007582911290228367, 0.005608993582427502, 0.004827879834920168, 0.003428064286708832, 0.002980911172926426, 0.002701355842873454, 0.0029780666809529066, 0.003168235532939434, 0.004640266299247742, 0.0030744378454983234, 0.004936972167342901], "accuracy": [0.4505833387374878, 0.8149999976158142, 0.9520000219345093, 0.9936666488647461, 0.9987499713897705, 0.999750018119812, 0.9991666674613953, 0.9992499947547913, 0.999833345413208, 0.999916672706604, 0.999916672706604, 0.999916672706604, 1.0, 1.0, 1.0, 1.0, 1.0, 0.999833345413208, 0.999916672706604, 0.999666690826416], "val_loss": [3.7441892623901367, 1.02777099609375, 0.9239931702613831, 0.9296320676803589, 0.9048651456832886, 0.9313898086547852, 0.9703329205513, 0.9740262627601624, 0.9521254301071167, 0.9665976166725159, 0.9680641293525696, 0.9719136953353882, 0.977024257183075, 0.9846267700195312, 0.9908433556556702, 0.9956613779067993, 1.00265634059906, 1.0016052722930908, 1.030057668685913, 1.0212750434875488], "val_accuracy": [0.14272387325763702, 0.6934468150138855, 0.7313432693481445, 0.7349579930305481, 0.7421875, 0.7417210936546326, 0.7334421873092651, 0.7371734976768494, 0.7452192306518555, 0.7441697716712952, 0.7444030046463013, 0.743353545665741, 0.7432369589805603, 0.7434701323509216, 0.7432369589805603, 0.7430037260055542, 0.7427704930305481, 0.743353545665741, 0.7365905046463013, 0.7397388219833374]}