{"loss": [2.1835784912109375, 0.718720555305481, 0.266278475522995, 0.07529806345701218, 0.024579675868153572, 0.0174219012260437, 0.014528737403452396, 0.007953731343150139, 0.005772930569946766, 0.00479082390666008, 0.004212554078549147, 0.003866381710395217, 0.005051908083260059, 0.0032295025885105133, 0.002755246590822935, 0.002533035119995475, 0.002345871413126588, 0.002164690289646387, 0.0020321912597864866, 0.0024427694734185934], "accuracy": [0.4481666684150696, 0.8061666488647461, 0.9411666393280029, 0.9910833239555359, 0.9988333582878113, 0.9995833039283752, 0.9995833039283752, 0.999750018119812, 1.0, 1.0, 1.0, 1.0, 1.0, 1.0, 1.0, 1.0, 1.0, 1.0, 1.0, 1.0], "val_loss": [3.2669553756713867, 1.0842714309692383, 0.9247283935546875, 0.9025591015815735, 0.8976661562919617, 0.9353750348091125, 0.9248214960098267, 0.9250004887580872, 0.9326565861701965, 0.9395432472229004, 0.9489046931266785, 0.9515637159347534, 0.959723174571991, 0.9633265137672424, 0.9711825251579285, 0.9732111692428589, 0.9797719717025757, 0.9845971465110779, 0.9899932146072388, 0.9960440993309021], "val_accuracy": [0.2300606369972229, 0.6828358173370361, 0.72947758436203, 0.738456130027771, 0.7458022236824036, 0.7368236780166626, 0.7439365386962891, 0.7453358173370361, 0.7466184496879578, 0.7477844953536987, 0.7479011416435242, 0.7456856369972229, 0.7475513219833374, 0.7491837739944458, 0.7483675479888916, 0.7480177283287048, 0.7476679086685181, 0.7486007213592529, 0.746268630027771, 0.7444030046463013]}