{"loss": [2.1729536056518555, 0.7146220803260803, 0.20932066440582275, 0.0581451877951622, 0.021185392513871193, 0.012437088415026665, 0.00901093427091837, 0.007464218884706497, 0.009129056707024574, 0.006014422047883272, 0.004601738415658474, 0.003953391220420599, 0.004478037357330322, 0.010186923667788506, 0.005472232587635517, 0.002915887860581279, 0.002567495219409466, 0.0023573338985443115, 0.0022246548905968666, 0.004021039232611656], "accuracy": [0.4556666612625122, 0.7997499704360962, 0.9573333263397217, 0.9950833320617676, 0.9993333220481873, 0.999916672706604, 1.0, 1.0, 0.9995833039283752, 0.999916672706604, 1.0, 1.0, 0.999833345413208, 0.9989166855812073, 0.999750018119812, 1.0, 1.0, 1.0, 1.0, 0.999750018119812], "val_loss": [3.1491918563842773, 1.0739833116531372, 0.9632270932197571, 0.905655562877655, 0.9120888710021973, 0.9246402382850647, 0.9415591955184937, 0.950747549533844, 0.9726279973983765, 0.9824556708335876, 0.9810239672660828, 0.98478764295578, 1.0124014616012573, 1.0121679306030273, 1.0107060670852661, 1.0120933055877686, 1.0178474187850952, 1.0230947732925415, 1.030869483947754, 1.045783281326294], "val_accuracy": [0.2489505559206009, 0.6803871393203735, 0.713502824306488, 0.7356576323509216, 0.7400886416435242, 0.7407882213592529, 0.7406716346740723, 0.7398554086685181, 0.7348414063453674, 0.7375233173370361, 0.7383395433425903, 0.7383395433425903, 0.7336753606796265, 0.7304104566574097, 0.733208954334259, 0.7342584133148193, 0.7353078126907349, 0.7362406849861145, 0.7348414063453674, 0.7281949520111084]}