{"loss": [2.1720592975616455, 0.7717636823654175, 0.24934834241867065, 0.06942256540060043, 0.03166265785694122, 0.017948279157280922, 0.012621987611055374, 0.01058763638138771, 0.008290521800518036, 0.00776524655520916], "accuracy": [0.44841668009757996, 0.7830833196640015, 0.9462500214576721, 0.9927499890327454, 0.9979166388511658, 0.9993333220481873, 0.999833345413208, 0.999750018119812, 0.999916672706604, 0.999750018119812], "val_loss": [3.7496514320373535, 1.1836048364639282, 0.9553511738777161, 0.8912653923034668, 0.9134517312049866, 0.9100344777107239, 0.9262584447860718, 0.9444341659545898, 0.9568374156951904, 0.9672791361808777], "val_accuracy": [0.1605643630027771, 0.6593983173370361, 0.719916045665741, 0.7430037260055542, 0.7440531849861145, 0.7452192306518555, 0.7439365386962891, 0.7440531849861145, 0.7449859976768494, 0.7391557693481445]}